SensorId,Group
425256,Area 1
48641,Area 1
520135,Area 1
394083,Area 1
631939,Area 1
559840,Area 1
414033,Area 1
292060,Area 1
157610,Area 1
202189,Area 1
146525,Area 1
57216,Area 1
325217,Area 1
403450,Area 1
291575,Area 1
542307,Area 1
408461,Area 1
827,Area 1
290688,Area 1
627169,Area 1
213471,Area 1
453034,Area 1
206867,Area 1
79804,Area 1
113470,Area 1
500790,Area 1
426192,Area 1
447716,Area 1
470132,Area 1
656732,Area 1
694112,Area 1
180116,Area 1
254972,Area 1
679247,Area 1
359065,Area 1
186870,Area 1
336476,Area 1
180921,Area 1
425516,Area 1
407475,Area 1
514869,Area 1
9341,Area 1
45876,Area 1
693864,Area 1
591627,Area 1
448069,Area 1
336332,Area 1
179876,Area 1
627182,Area 1
55635,Area 1
135717,Area 1
656385,Area 1
120267,Area 1
967,Area 1
515007,Area 1
146526,Area 1
135725,Area 1
140249,Area 1
112883,Area 1
313977,Area 1
611326,Area 1
90684,Area 1
627234,Area 1
362774,Area 1
693982,Area 1
548742,Area 1
470000,Area 1
369793,Area 1
231192,Area 1
549561,Area 1
278539,Area 1
406208,Area 1
617127,Area 1
425385,Area 1
68279,Area 1
627309,Area 1
135246,Area 1
470235,Area 1
303553,Area 1
627440,Area 1
224860,Area 1
649819,Area 1
325218,Area 1
57218,Area 1
501746,Area 1
650077,Area 1
635815,Area 1
403096,Area 1
202341,Area 1
146527,Area 1
157753,Area 1
46347,Area 1
214163,Area 1
157630,Area 1
144562,Area 1
45979,Area 1
447600,Area 1
616473,Area 1
559862,Area 1
671912,Area 1
694093,Area 1
604978,Area 1
638489,Area 1
639540,Area 1
683165,Area 1
632414,Area 1
694005,Area 1
515485,Area 1
314453,Area 1
635991,Area 1
476550,Area 1
683164,Area 1
694095,Area 1
1069,Area 1
157729,Area 1
46024,Area 1
617128,Area 1
650072,Area 1
348399,Area 1
604902,Area 1
536381,Area 1
537403,Area 1
672005,Area 1
694004,Area 1
412495,Area 1
545811,Area 1
430063,Area 1
402941,Area 1
447732,Area 1
291568,Area 1
447522,Area 1
348398,Area 1
209146,Area 1
90836,Area 1
3952,Area 1
224552,Area 1
163603,Area 1
560089,Area 1
499423,Area 1
184498,Area 1
45343,Area 1
631967,Area 1
118373,Area 1
269361,Area 1
254384,Area 1
432482,Area 1
291541,Area 1
134600,Area 1
246337,Area 1
115878,Area 1
117755,Area 1
492614,Area 1
448049,Area 1
72310,Area 1
4983,Area 1
1212,Area 1
424637,Area 1
648942,Area 1
89937,Area 1
268477,Area 1
274047,Area 1
536555,Area 1
365410,Area 1
432318,Area 1
357866,Area 1
135172,Area 1
536565,Area 1
292043,Area 1
317972,Area 1
336910,Area 1
389871,Area 1
24102,Area 1
68902,Area 1
319083,Area 1
409888,Area 1
337075,Area 1
431756,Area 1
247245,Area 1
492973,Area 1
536568,Area 1
139918,Area 1
446862,Area 1
158227,Area 1
452296,Area 1
604849,Area 1
648965,Area 1
201473,Area 1
587466,Area 1
681393,Area 1
469275,Area 1
223885,Area 1
671171,Area 1
565159,Area 1
357775,Area 1
699259,Area 1
32767,Area 1
604166,Area 1
604848,Area 1
671172,Area 1
223886,Area 1
68900,Area 1
46589,Area 1
536566,Area 1
357861,Area 1
229903,Area 1
292203,Area 1
521924,Area 1
77758,Area 1
693274,Area 1
269175,Area 1
424656,Area 1
581592,Area 1
367986,Area 1
514920,Area 1
313949,Area 1
157535,Area 1
608910,Area 1
581596,Area 1
385273,Area 1
73111,Area 1
335697,Area 1
73109,Area 1
207466,Area 1
45900,Area 1
648948,Area 1
189472,Area 1
202126,Area 1
424653,Area 1
45225,Area 1
67555,Area 1
269118,Area 1
452251,Area 1
77935,Area 1
246266,Area 1
430826,Area 1
179275,Area 1
402931,Area 1
303139,Area 1
268484,Area 1
447507,Area 1
313232,Area 1
380546,Area 1
206848,Area 1
201466,Area 1
694461,Area 1
604260,Area 1
403603,Area 1
297035,Area 1
90043,Area 1
492284,Area 1
90041,Area 1
581607,Area 1
693284,Area 1
112250,Area 1
207472,Area 1
179295,Area 1
671824,Area 1
519016,Area 1
559133,Area 1
363779,Area 1
90040,Area 1
492722,Area 1
225064,Area 1
52674,Area 1
139262,Area 1
514381,Area 1
380016,Area 1
179411,Area 1
391512,Area 1
682885,Area 1
520299,Area 1
224537,Area 1
634014,Area 1
402363,Area 1
67676,Area 1
337080,Area 1
68210,Area 1
537925,Area 1
180629,Area 1
186901,Area 1
211842,Area 1
361,Area 1
536693,Area 1
681563,Area 1
268612,Area 1
402366,Area 1
410006,Area 1
604287,Area 1
659341,Area 1
134656,Area 1
67689,Area 1
189264,Area 1
424782,Area 1
886,Area 1
604381,Area 1
201602,Area 1
323626,Area 1
335839,Area 1
446986,Area 1
491752,Area 1
520298,Area 1
135867,Area 1
72803,Area 1
654693,Area 1
27473,Area 1
45361,Area 1
697984,Area 1
626713,Area 1
201597,Area 1
614181,Area 1
246403,Area 1
626710,Area 1
581730,Area 1
202797,Area 1
32927,Area 1
571235,Area 1
672008,Area 1
656398,Area 1
313365,Area 1
424773,Area 1
358,Area 1
22725,Area 1
89920,Area 1
537746,Area 1
278557,Area 1
73430,Area 1
313952,Area 1
559262,Area 1
408419,Area 1
185416,Area 1
545858,Area 1
412476,Area 1
411293,Area 1
320395,Area 1
46593,Area 1
7721,Area 1
202655,Area 1
368178,Area 1
594943,Area 1
446996,Area 1
276138,Area 1
116134,Area 1
315608,Area 1
360121,Area 1
566100,Area 1
448321,Area 1
393044,Area 1
560631,Area 1
323253,Area 1
146650,Area 1
94679,Area 1
215747,Area 1
693482,Area 1
300211,Area 1
424625,Area 1
636563,Area 1
209426,Area 1
95799,Area 1
276608,Area 1
702669,Area 1
124029,Area 1
213369,Area 1
592987,Area 1
345159,Area 1
503446,Area 1
120411,Area 1
508891,Area 1
391935,Area 1
57289,Area 1
160540,Area 1
170150,Area 1
290838,Area 1
435282,Area 1
55884,Area 1
526753,Area 1
57588,Area 1
571563,Area 1
390501,Area 1
323862,Area 1
549879,Area 1
683851,Area 1
126939,Area 1
416909,Area 1
595030,Area 1
125620,Area 1
325385,Area 1
102366,Area 1
370253,Area 1
483078,Area 1
170711,Area 1
573009,Area 1
507434,Area 1
664887,Area 1
175229,Area 1
60724,Area 1
55949,Area 1
210565,Area 1
477060,Area 1
475407,Area 1
683695,Area 1
572959,Area 1
396283,Area 1
708659,Area 1
667962,Area 1
645249,Area 1
424119,Area 1
509806,Area 1
34578,Area 1
686593,Area 1
717857,Area 1
758110,Area 1
760244,Area 1
756904,Area 1
717430,Area 1
992433,Area 1
1089926,Area 1
938881,Area 1
917326,Area 1
858574,Area 1
837547,Area 1
898279,Area 1
1298166,Area 1
1289088,Area 1
1298168,Area 1
1294652,Area 1
1294654,Area 1
1293285,Area 1
1293284,Area 1
22726,Area 1
1522766,Area 1
290843,Area 1
1301748,Area 1
882,Area 1
208,Area 1
67530,Area 1
223862,Area 1
614932,Area 1
180266,Area 1
572143,Area 1
627181,Area 1
672350,Area 1
336375,Area 1
140528,Area 1
251019,Area 1
453027,Area 1
313227,Area 1
67667,Area 1
424765,Area 1
179390,Area 1
156989,Area 1
336932,Area 1
341736,Area 1
68404,Area 1
319237,Area 1
425390,Area 1
456888,Area 1
402351,Area 1
290987,Area 1
179403,Area 1
613221,Area 1
7548,Area 1
357894,Area 1
156994,Area 1
447851,Area 1
408398,Area 1
694258,Area 1
365411,Area 1
322307,Area 1
156997,Area 1
650311,Area 1
23434,Area 1
135866,Area 1
45348,Area 1
380009,Area 1
224012,Area 1
113512,Area 1
537213,Area 1
164340,Area 1
90066,Area 1
699413,Area 1
357891,Area 1
402359,Area 1
319243,Area 1
179405,Area 1
113352,Area 1
268330,Area 1
231025,Area 1
202122,Area 1
134519,Area 1
246255,Area 1
697982,Area 1
559773,Area 1
514272,Area 1
22736,Area 1
122178,Area 1
335695,Area 1
144184,Area 1
402226,Area 1
581584,Area 1
537216,Area 1
403215,Area 1
223874,Area 1
519014,Area 1
201463,Area 1
251813,Area 1
491609,Area 1
323299,Area 1
430824,Area 1
268479,Area 1
112135,Area 1
318627,Area 1
676524,Area 1
246910,Area 1
610187,Area 1
139270,Area 1
608917,Area 1
300349,Area 1
402925,Area 1
379876,Area 1
446839,Area 1
491608,Area 1
357754,Area 1
161616,Area 1
671155,Area 1
653684,Area 1
223,Area 1
672158,Area 1
385913,Area 1
649595,Area 1
520129,Area 1
681227,Area 1
380545,Area 1
384618,Area 1
45219,Area 1
703443,Area 1
255584,Area 1
22738,Area 1
139916,Area 1
469257,Area 1
610188,Area 1
412639,Area 1
586339,Area 1
156867,Area 1
604146,Area 1
536558,Area 1
120413,Area 1
201461,Area 1
179271,Area 1
536551,Area 1
537749,Area 1
220,Area 1
278719,Area 1
290851,Area 1
699252,Area 1
608916,Area 1
346100,Area 1
290852,Area 1
67541,Area 1
424639,Area 1
546800,Area 1
402224,Area 1
112136,Area 1
446838,Area 1
453038,Area 1
569187,Area 1
112134,Area 1
514268,Area 1
470263,Area 1
604847,Area 1
406985,Area 1
362501,Area 1
671822,Area 1
113137,Area 1
251812,Area 1
246258,Area 1
604149,Area 1
90567,Area 1
269008,Area 1
233921,Area 1
313859,Area 1
384617,Area 1
559114,Area 1
189648,Area 1
27478,Area 1
542591,Area 1
653685,Area 1
424638,Area 1
368167,Area 1
589350,Area 1
134514,Area 1
446841,Area 1
184982,Area 1
434698,Area 1
582256,Area 1
49985,Area 1
649594,Area 1
408114,Area 1
207465,Area 1
514271,Area 1
581582,Area 1
446840,Area 1
469258,Area 1
55290,Area 1
446842,Area 1
112139,Area 1
693258,Area 1
379875,Area 1
268480,Area 1
676523,Area 1
402225,Area 1
112132,Area 1
610186,Area 1
50470,Area 1
452253,Area 1
4982,Area 1
202123,Area 1
314230,Area 1
157885,Area 1
268475,Area 1
693260,Area 1
357755,Area 1
256456,Area 1
457095,Area 1
648940,Area 1
156864,Area 1
365375,Area 1
99991,Area 1
430823,Area 1
95805,Area 1
408113,Area 1
604850,Area 1
386080,Area 1
112138,Area 1
435025,Area 1
45223,Area 1
402222,Area 1
134539,Area 1
51097,Area 1
24100,Area 1
112161,Area 1
323455,Area 1
357771,Area 1
22752,Area 1
144734,Area 1
268502,Area 1
67562,Area 1
543905,Area 1
582961,Area 1
292202,Area 1
46592,Area 1
650306,Area 1
158229,Area 1
45235,Area 1
515625,Area 1
45239,Area 1
269168,Area 1
113508,Area 1
184015,Area 1
650307,Area 1
475261,Area 1
51096,Area 1
139271,Area 1
648964,Area 1
452295,Area 1
156882,Area 1
119611,Area 1
412640,Area 1
45233,Area 1
189649,Area 1
24056,Area 1
454630,Area 1
470620,Area 1
386628,Area 1
290867,Area 1
363777,Area 1
514287,Area 1
693277,Area 1
124331,Area 1
77756,Area 1
699257,Area 1
245,Area 1
291557,Area 1
134536,Area 1
179290,Area 1
681187,Area 1
91312,Area 1
1583,Area 1
67558,Area 1
362502,Area 1
301059,Area 1
508375,Area 1
246275,Area 1
424659,Area 1
357773,Area 1
496335,Area 1
314587,Area 1
202453,Area 1
536574,Area 1
112157,Area 1
426016,Area 1
581600,Area 1
514918,Area 1
389535,Area 1
45240,Area 1
430402,Area 1
693908,Area 1
435026,Area 1
581597,Area 1
654691,Area 1
424746,Area 1
379895,Area 1
164197,Area 1
693267,Area 1
144733,Area 1
560118,Area 1
134533,Area 1
274054,Area 1
425341,Area 1
240,Area 1
379897,Area 1
626582,Area 1
446865,Area 1
7004,Area 1
649055,Area 1
469270,Area 1
648966,Area 1
22754,Area 1
290865,Area 1
434862,Area 1
28902,Area 1
67560,Area 1
225063,Area 1
9769,Area 1
345921,Area 1
202802,Area 1
256457,Area 1
631301,Area 1
313253,Area 1
336374,Area 1
699256,Area 1
469274,Area 1
434151,Area 1
491624,Area 1
268496,Area 1
521911,Area 1
560467,Area 1
233890,Area 1
424747,Area 1
11910,Area 1
257909,Area 1
581601,Area 1
613821,Area 1
211661,Area 1
403601,Area 1
650308,Area 1
97580,Area 1
247449,Area 1
693271,Area 1
627765,Area 1
74715,Area 1
379898,Area 1
68208,Area 1
369995,Area 1
52372,Area 1
202452,Area 1
470617,Area 1
559126,Area 1
113509,Area 1
313255,Area 1
694601,Area 1
446858,Area 1
693273,Area 1
582959,Area 1
95530,Area 1
156878,Area 1
208224,Area 1
118032,Area 1
201479,Area 1
246279,Area 1
22753,Area 1
72311,Area 1
536575,Area 1
581603,Area 1
492976,Area 1
636757,Area 1
362503,Area 1
363621,Area 1
565357,Area 1
659154,Area 1
357770,Area 1
475260,Area 1
246278,Area 1
45228,Area 1
246269,Area 1
520133,Area 1
269170,Area 1
68536,Area 1
469962,Area 1
157886,Area 1
627921,Area 1
626571,Area 1
184018,Area 1
379878,Area 1
475258,Area 1
671162,Area 1
582573,Area 1
475256,Area 1
537915,Area 1
626574,Area 1
223880,Area 1
291555,Area 1
74989,Area 1
323454,Area 1
8043,Area 1
446844,Area 1
676401,Area 1
206205,Area 1
406986,Area 1
582571,Area 1
296881,Area 1
496818,Area 1
447846,Area 1
672159,Area 1
45230,Area 1
290853,Area 1
246273,Area 1
335709,Area 1
384619,Area 1
465566,Area 1
158188,Area 1
340485,Area 1
300848,Area 1
112144,Area 1
7003,Area 1
246261,Area 1
275785,Area 1
201469,Area 1
347664,Area 1
379891,Area 1
381092,Area 1
365056,Area 1
224540,Area 1
560117,Area 1
189473,Area 1
134520,Area 1
112807,Area 1
118028,Area 1
379879,Area 1
140536,Area 1
581585,Area 1
386032,Area 1
156872,Area 1
134529,Area 1
230,Area 1
492936,Area 1
469266,Area 1
546969,Area 1
313240,Area 1
313234,Area 1
51094,Area 1
46237,Area 1
179921,Area 1
357767,Area 1
112805,Area 1
189471,Area 1
426014,Area 1
648947,Area 1
581594,Area 1
546801,Area 1
676525,Area 1
587463,Area 1
367987,Area 1
313243,Area 1
693261,Area 1
274049,Area 1
67549,Area 1
632577,Area 1
648949,Area 1
591769,Area 1
303048,Area 1
207467,Area 1
363619,Area 1
632574,Area 1
402230,Area 1
6283,Area 1
23433,Area 1
52521,Area 1
402859,Area 1
626589,Area 1
313966,Area 1
27480,Area 1
119329,Area 1
99275,Area 1
536576,Area 1
694439,Area 1
90042,Area 1
301060,Area 1
681195,Area 1
424753,Area 1
45895,Area 1
693286,Area 1
335720,Area 1
541327,Area 1
201481,Area 1
52675,Area 1
560120,Area 1
559837,Area 1
942,Area 1
702771,Area 1
380609,Area 1
447452,Area 1
27954,Area 1
365540,Area 1
335841,Area 1
53194,Area 1
246396,Area 1
301233,Area 1
73427,Area 1
246395,Area 1
458508,Area 1
469397,Area 1
24106,Area 1
408403,Area 1
469396,Area 1
433551,Area 1
357991,Area 1
296082,Area 1
451627,Area 1
410789,Area 1
604388,Area 1
201611,Area 1
34725,Area 1
313375,Area 1
120697,Area 1
157889,Area 1
681657,Area 1
157009,Area 1
604293,Area 1
68544,Area 1
671287,Area 1
297046,Area 1
232778,Area 1
268622,Area 1
224017,Area 1
157007,Area 1
498331,Area 1
559769,Area 1
671286,Area 1
650315,Area 1
559247,Area 1
650059,Area 1
22569,Area 1
268615,Area 1
626700,Area 1
702487,Area 1
112810,Area 1
118191,Area 1
626704,Area 1
492279,Area 1
290992,Area 1
67682,Area 1
363936,Area 1
157531,Area 1
211105,Area 1
28911,Area 1
335834,Area 1
342889,Area 1
380014,Area 1
134661,Area 1
709559,Area 1
559249,Area 1
649593,Area 1
12466,Area 1
96091,Area 1
67687,Area 1
12465,Area 1
693395,Area 1
246397,Area 1
90071,Area 1
268611,Area 1
632742,Area 1
676865,Area 1
380019,Area 1
677331,Area 1
343174,Area 1
515633,Area 1
499233,Area 1
559250,Area 1
515632,Area 1
269169,Area 1
380012,Area 1
469958,Area 1
565320,Area 1
340486,Area 1
425344,Area 1
290991,Area 1
499554,Area 1
402369,Area 1
72312,Area 1
187953,Area 1
380013,Area 1
590281,Area 1
45354,Area 1
297614,Area 1
156999,Area 1
357990,Area 1
95532,Area 1
179409,Area 1
469960,Area 1
51264,Area 1
390251,Area 1
67681,Area 1
491749,Area 1
313373,Area 1
384620,Area 1
12467,Area 1
380011,Area 1
112806,Area 1
469400,Area 1
344267,Area 1
458507,Area 1
475421,Area 1
650313,Area 1
224985,Area 1
386629,Area 1
335836,Area 1
537922,Area 1
611476,Area 1
51262,Area 1
565321,Area 1
380544,Area 1
135167,Area 1
313367,Area 1
73423,Area 1
491746,Area 1
559244,Area 1
475420,Area 1
693400,Area 1
559767,Area 1
1587,Area 1
185278,Area 1
90962,Area 1
408400,Area 1
693399,Area 1
514411,Area 1
604291,Area 1
587739,Area 1
201604,Area 1
604386,Area 1
9302,Area 1
112279,Area 1
276259,Area 1
246398,Area 1
515635,Area 1
7549,Area 1
366,Area 1
636780,Area 1
469401,Area 1
143589,Area 1
424778,Area 1
167268,Area 1
408402,Area 1
446992,Area 1
519017,Area 1
77943,Area 1
45360,Area 1
207629,Area 1
7551,Area 1
169103,Area 1
180271,Area 1
73428,Area 1
361418,Area 1
179408,Area 1
635643,Area 1
559252,Area 1
681190,Area 1
387345,Area 1
268621,Area 1
179418,Area 1
344268,Area 1
291558,Area 1
469399,Area 1
207628,Area 1
424780,Area 1
536695,Area 1
313376,Area 1
605150,Area 1
256255,Area 1
157532,Area 1
157374,Area 1
49987,Area 1
492729,Area 1
164494,Area 1
67688,Area 1
581732,Area 1
446989,Area 1
369,Area 1
380017,Area 1
406982,Area 1
514924,Area 1
291554,Area 1
699414,Area 1
157980,Area 1
559739,Area 1
188828,Area 1
192227,Area 1
403608,Area 1
113682,Area 1
50633,Area 1
672689,Area 1
380512,Area 1
1229,Area 1
77605,Area 1
385265,Area 1
515587,Area 1
470785,Area 1
515803,Area 1
113690,Area 1
628102,Area 1
225402,Area 1
538091,Area 1
208191,Area 1
366067,Area 1
232927,Area 1
202074,Area 1
9528,Area 1
369787,Area 1
224645,Area 1
560651,Area 1
470607,Area 1
52680,Area 1
50475,Area 1
402852,Area 1
671793,Area 1
380519,Area 1
402854,Area 1
582257,Area 1
538101,Area 1
23429,Area 1
566475,Area 1
877,Area 1
457639,Area 1
521035,Area 1
412300,Area 1
1074,Area 1
696467,Area 1
448174,Area 1
7547,Area 1
627421,Area 1
403236,Area 1
69204,Area 1
74328,Area 1
538208,Area 1
649082,Area 1
273903,Area 1
225415,Area 1
24379,Area 1
235879,Area 1
6986,Area 1
605340,Area 1
247928,Area 1
140897,Area 1
648933,Area 1
385272,Area 1
430881,Area 1
359084,Area 1
158006,Area 1
28118,Area 1
429400,Area 1
97563,Area 1
430692,Area 1
654653,Area 1
699250,Area 1
604137,Area 1
491744,Area 1
202129,Area 1
99989,Area 1
703738,Area 1
497602,Area 1
99990,Area 1
291552,Area 1
671147,Area 1
627430,Area 1
671137,Area 1
300849,Area 1
246247,Area 1
403596,Area 1
653683,Area 1
357747,Area 1
357745,Area 1
657341,Area 1
157015,Area 1
51267,Area 1
537542,Area 1
79747,Area 1
322309,Area 1
246407,Area 1
699420,Area 1
514092,Area 1
397889,Area 1
207635,Area 1
90079,Area 1
693408,Area 1
381250,Area 1
693409,Area 1
9303,Area 1
276733,Area 1
657210,Area 1
292350,Area 1
536760,Area 1
292356,Area 1
201616,Area 1
536786,Area 1
246408,Area 1
185417,Area 1
403746,Area 1
449829,Area 1
225384,Area 1
683172,Area 1
456,Area 1
537548,Area 1
30405,Area 1
604135,Area 1
458,Area 1
201288,Area 1
408420,Area 1
291091,Area 1
291506,Area 1
269172,Area 1
46594,Area 1
493047,Area 1
567063,Area 1
581876,Area 1
583727,Area 1
470507,Area 1
627354,Area 1
272278,Area 1
159461,Area 1
450638,Area 1
236079,Area 1
183000,Area 1
404341,Area 1
493746,Area 1
7185,Area 1
695847,Area 1
316032,Area 1
247778,Area 1
232117,Area 1
589644,Area 1
299244,Area 1
351200,Area 1
296998,Area 1
275452,Area 1
212,Area 1
514254,Area 1
22722,Area 1
648935,Area 1
446832,Area 1
362499,Area 1
610541,Area 1
296862,Area 1
229891,Area 1
474593,Area 1
638791,Area 1
158060,Area 1
655889,Area 1
565149,Area 1
424611,Area 1
514253,Area 1
169347,Area 1
581574,Area 1
497603,Area 1
225066,Area 1
671143,Area 1
313219,Area 1
701704,Area 1
49982,Area 1
335684,Area 1
569185,Area 1
363612,Area 1
492799,Area 1
659309,Area 1
429399,Area 1
559102,Area 1
658370,Area 1
474478,Area 1
22727,Area 1
99685,Area 1
235322,Area 1
184978,Area 1
202637,Area 1
546006,Area 1
546349,Area 1
613350,Area 1
23741,Area 1
112808,Area 1
560301,Area 1
251018,Area 1
214739,Area 1
527053,Area 1
446830,Area 1
587455,Area 1
45206,Area 1
33372,Area 1
627758,Area 1
887,Area 1
303210,Area 1
357739,Area 1
604138,Area 1
616683,Area 1
134504,Area 1
370335,Area 1
357740,Area 1
325768,Area 1
526775,Area 1
582781,Area 1
55885,Area 1
435206,Area 1
100494,Area 1
529153,Area 1
380551,Area 1
192546,Area 1
370129,Area 1
341455,Area 1
370373,Area 1
281121,Area 1
216269,Area 1
483895,Area 1
528828,Area 1
551691,Area 1
508586,Area 1
443058,Area 1
667392,Area 1
172802,Area 1
664017,Area 1
261297,Area 1
329485,Area 1
645459,Area 1
309590,Area 1
376524,Area 1
440318,Area 1
54315,Area 1
638896,Area 1
35213,Area 1
617300,Area 1
356596,Area 1
19004,Area 1
350772,Area 1
529576,Area 1
5957,Area 1
392302,Area 1
712438,Area 1
478337,Area 1
322345,Area 1
286609,Area 1
53929,Area 1
124614,Area 1
326476,Area 1
568726,Area 1
412139,Area 1
642015,Area 1
683697,Area 1
395274,Area 1
683696,Area 1
622503,Area 1
571012,Area 1
386034,Area 1
76813,Area 1
344977,Area 1
32639,Area 1
465236,Area 1
98845,Area 1
73401,Area 1
61120,Area 1
488433,Area 1
598009,Area 1
643193,Area 1
709631,Area 1
396282,Area 1
411812,Area 1
284780,Area 1
110388,Area 1
664430,Area 1
391342,Area 1
257226,Area 1
41459,Area 1
12425,Area 1
242122,Area 1
172475,Area 1
39037,Area 1
172309,Area 1
463286,Area 1
39434,Area 1
34582,Area 1
552130,Area 1
525727,Area 1
11728,Area 1
396077,Area 1
391433,Area 1
504562,Area 1
235345,Area 1
509805,Area 1
638049,Area 1
616540,Area 1
101406,Area 1
15922,Area 1
308965,Area 1
239757,Area 1
575699,Area 1
262153,Area 1
87580,Area 1
65260,Area 1
89372,Area 1
379383,Area 1
669020,Area 1
718136,Area 1
310762,Area 1
757610,Area 1
759437,Area 1
757630,Area 1
758106,Area 1
758108,Area 1
758109,Area 1
757864,Area 1
757645,Area 1
758235,Area 1
758111,Area 1
758236,Area 1
758237,Area 1
758238,Area 1
758239,Area 1
764608,Area 1
759882,Area 1
761451,Area 1
757098,Area 1
757079,Area 1
758440,Area 1
757562,Area 1
717786,Area 1
944602,Area 1
945643,Area 1
1056131,Area 1
992435,Area 1
1062663,Area 1
1083174,Area 1
921006,Area 1
917187,Area 1
837118,Area 1
793508,Area 1
794282,Area 1
939084,Area 1
917325,Area 1
891379,Area 1
858575,Area 1
918002,Area 1
837571,Area 1
911048,Area 1
906071,Area 1
897054,Area 1
860294,Area 1
859480,Area 1
857727,Area 1
1298178,Area 1
1178070,Area 1
1109813,Area 1
1158863,Area 1
1119354,Area 1
1291752,Area 1
1291751,Area 1
1289089,Area 1
1177576,Area 1
89918,Area 1
1137006,Area 1
1155719,Area 1
45892,Area 1
323304,Area 1
1527172,Area 1
1527173,Area 1
1527174,Area 1
672162,Area 1
608914,Area 1
1323957,Area 1
1309276,Area 1
1502713,Area 1
672349,Area 1
627223,Area 1
541330,Area 1
379864,Area 1
1527782,Area 1
45203,Area 1
1324044,Area 1
1304559,Area 1
1306706,Area 1
1305541,Area 1
1313493,Area 1
475249,Area 1
1737,Area 1
135498,Area 1
291536,Area 1
693254,Area 1
702604,Area 1
290833,Area 1
424627,Area 1
89925,Area 1
223861,Area 1
157540,Area 1
167261,Area 1
402211,Area 1
536542,Area 1
537212,Area 1
225055,Area 1
447843,Area 1
581571,Area 1
269490,Area 1
515452,Area 1
604131,Area 1
429398,Area 1
380548,Area 1
456886,Area 1
541331,Area 1
201452,Area 1
201456,Area 1
447509,Area 1
424623,Area 1
469244,Area 1
77592,Area 1
320913,Area 1
677161,Area 1
1210,Area 1
358749,Area 1
290836,Area 1
28738,Area 1
649945,Area 1
402207,Area 1
313217,Area 1
402929,Area 1
402212,Area 1
676520,Area 1
515266,Area 1
234094,Area 1
379865,Area 1
469243,Area 1
246249,Area 1
648927,Area 1
514255,Area 1
671825,Area 1
367787,Area 1
608915,Area 1
45202,Area 1
693252,Area 1
411572,Area 1
365377,Area 1
55248,Area 1
223858,Area 1
614548,Area 1
24061,Area 1
53750,Area 1
1651,Area 1
297031,Area 1
514359,Area 1
45844,Area 1
626669,Area 1
112236,Area 1
357850,Area 1
362500,Area 1
363614,Area 1
627560,Area 1
379966,Area 1
120450,Area 1
520278,Area 1
379871,Area 1
225192,Area 1
345763,Area 1
604145,Area 1
46235,Area 1
89934,Area 1
144572,Area 1
179264,Area 1
135166,Area 1
671151,Area 1
537210,Area 1
469959,Area 1
179265,Area 1
215,Area 1
335689,Area 1
246253,Area 1
202764,Area 1
156862,Area 1
89932,Area 1
112131,Area 1
49984,Area 1
496341,Area 1
4981,Area 1
251020,Area 1
89930,Area 1
217,Area 1
536547,Area 1
447844,Area 1
648938,Area 1
469252,Area 1
677318,Area 1
385909,Area 1
31772,Area 1
581578,Area 1
134506,Area 1
246250,Area 1
536546,Area 1
223867,Area 1
6278,Area 1
380899,Area 1
627759,Area 1
179263,Area 1
636605,Area 1
269692,Area 1
379872,Area 1
385910,Area 1
290847,Area 1
179268,Area 1
49983,Area 1
473985,Area 1
229893,Area 1
880,Area 1
497606,Area 1
379870,Area 1
206850,Area 1
135177,Area 1
246871,Area 1
202657,Area 1
335692,Area 1
72309,Area 1
269491,Area 1
341575,Area 1
95804,Area 1
290846,Area 1
5613,Area 1
313225,Area 1
207463,Area 1
446837,Area 1
89929,Area 1
569142,Area 1
179267,Area 1
335691,Area 1
514263,Area 1
273894,Area 1
156861,Area 1
367829,Area 1
357750,Area 1
380900,Area 1
572137,Area 1
424739,Area 1
78316,Area 1
613234,Area 1
313951,Area 1
112129,Area 1
693913,Area 1
520126,Area 1
613235,Area 1
229114,Area 1
491707,Area 1
156977,Area 1
693385,Area 1
225071,Area 1
112264,Area 1
408274,Area 1
514396,Area 1
46434,Area 1
435,Area 1
32010,Area 1
112270,Area 1
274347,Area 1
134632,Area 1
514390,Area 1
546802,Area 1
496343,Area 1
520290,Area 1
10473,Area 1
491726,Area 1
693906,Area 1
207625,Area 1
424764,Area 1
523154,Area 1
608919,Area 1
357881,Area 1
475410,Area 1
581716,Area 1
469368,Area 1
292205,Area 1
269502,Area 1
649075,Area 1
313355,Area 1
122520,Area 1
357883,Area 1
402347,Area 1
536672,Area 1
225074,Area 1
345923,Area 1
344,Area 1
90061,Area 1
51258,Area 1
357885,Area 1
586340,Area 1
446968,Area 1
671823,Area 1
45332,Area 1
431759,Area 1
446969,Area 1
671267,Area 1
548604,Area 1
112889,Area 1
23861,Area 1
698981,Area 1
470150,Area 1
582796,Area 1
345924,Area 1
591594,Area 1
180141,Area 1
357586,Area 1
202227,Area 1
1092,Area 1
474962,Area 1
314102,Area 1
276095,Area 1
693907,Area 1
187987,Area 1
23586,Area 1
671904,Area 1
636586,Area 1
26387,Area 1
380741,Area 1
474640,Area 1
291703,Area 1
45042,Area 1
90806,Area 1
649790,Area 1
147625,Area 1
649788,Area 1
135355,Area 1
515021,Area 1
90060,Area 1
469967,Area 1
581713,Area 1
118186,Area 1
32391,Area 1
402348,Area 1
408396,Area 1
338,Area 1
446974,Area 1
581715,Area 1
67660,Area 1
1222,Area 1
446977,Area 1
671268,Area 1
536683,Area 1
290986,Area 1
67673,Area 1
49986,Area 1
649596,Area 1
224013,Area 1
693390,Area 1
676716,Area 1
589235,Area 1
202125,Area 1
252125,Area 1
541332,Area 1
23753,Area 1
179923,Area 1
335831,Area 1
230057,Area 1
536687,Area 1
604284,Area 1
247460,Area 1
654956,Area 1
426019,Area 1
537211,Area 1
67671,Area 1
185275,Area 1
699412,Area 1
201592,Area 1
112278,Area 1
626699,Area 1
590280,Area 1
367097,Area 1
134655,Area 1
565317,Area 1
402357,Area 1
246392,Area 1
290990,Area 1
604283,Area 1
67672,Area 1
610350,Area 1
22869,Area 1
318628,Area 1
140692,Area 1
73421,Area 1
358758,Area 1
335830,Area 1
501949,Area 1
409889,Area 1
290988,Area 1
559239,Area 1
469390,Area 1
402928,Area 1
515631,Area 1
514401,Area 1
408399,Area 1
446983,Area 1
90067,Area 1
560319,Area 1
97376,Area 1
469392,Area 1
22868,Area 1
224539,Area 1
626697,Area 1
604285,Area 1
654358,Area 1
884,Area 1
290831,Area 1
368311,Area 1
156698,Area 1
1093,Area 1
470243,Area 1
90933,Area 1
381542,Area 1
560222,Area 1
270177,Area 1
425638,Area 1
265817,Area 1
296214,Area 1
679068,Area 1
435009,Area 1
535829,Area 1
359390,Area 1
426197,Area 1
357,Area 1
253020,Area 1
672484,Area 1
568358,Area 1
545799,Area 1
403560,Area 1
277929,Area 1
590003,Area 1
337388,Area 1
683546,Area 1
1313622,Area 1
1313695,Area 1
113471,Area 1
318976,Area 1
666024,Area 1
535347,Area 1
403115,Area 1
158077,Area 1
594827,Area 1
1313492,Area 1
490179,Area 1
458855,Area 1
672368,Area 1
97936,Area 1
191251,Area 1
202800,Area 1
571234,Area 1
68268,Area 1
588330,Area 1
180580,Area 1
694572,Area 1
247244,Area 1
341748,Area 1
762669,Area 1
446926,Area 1
357737,Area 1
90123,Area 1
166260,Area 1
117917,Area 1
180628,Area 1
91191,Area 1
202995,Area 1
336575,Area 1
408507,Area 1
268320,Area 1
194152,Area 1
461754,Area 1
377142,Area 1
357956,Area 1
216,Area 1
515008,Area 1
341744,Area 1
693389,Area 1
254994,Area 1
51266,Area 1
45867,Area 1
278890,Area 1
906056,Area 1
186712,Area 1
146533,Area 1
793152,Area 1
301629,Area 1
1502607,Area 1
157529,Area 1
68419,Area 1
67620,Area 1
336500,Area 1
385876,Area 1
78414,Area 1
381544,Area 1
358382,Area 1
254974,Area 1
716219,Area 1
251014,Area 1
90046,Area 1
273751,Area 1
99948,Area 1
22939,Area 1
658321,Area 1
280258,Area 1
429,Area 1
135174,Area 1
559259,Area 1
660948,Area 1
146901,Area 1
335843,Area 1
179274,Area 1
694435,Area 1
412263,Area 1
671776,Area 1
202094,Area 1
604776,Area 1
385262,Area 1
522991,Area 1
656714,Area 1
447469,Area 1
246875,Area 1
469877,Area 1
604775,Area 1
627189,Area 1
358598,Area 1
246879,Area 1
605153,Area 1
23856,Area 1
313857,Area 1
627188,Area 1
604773,Area 1
224503,Area 1
246878,Area 1
358406,Area 1
543329,Area 1
157496,Area 1
611985,Area 1
68174,Area 1
202659,Area 1
521875,Area 1
671775,Area 1
693867,Area 1
672365,Area 1
402838,Area 1
230096,Area 1
649564,Area 1
210534,Area 1
179883,Area 1
582212,Area 1
224504,Area 1
135127,Area 1
609389,Area 1
71280,Area 1
5470,Area 1
380504,Area 1
300890,Area 1
436893,Area 1
158086,Area 1
46445,Area 1
52667,Area 1
357960,Area 1
182986,Area 1
67615,Area 1
627563,Area 1
292199,Area 1
290854,Area 1
118049,Area 1
447451,Area 1
224989,Area 1
447578,Area 1
454286,Area 1
568216,Area 1
558939,Area 1
582590,Area 1
68761,Area 1
492352,Area 1
314447,Area 1
492353,Area 1
956,Area 1
700908,Area 1
291576,Area 1
633305,Area 1
656567,Area 1
469986,Area 1
402947,Area 1
296088,Area 1
522992,Area 1
955,Area 1
336437,Area 1
46029,Area 1
269148,Area 1
157600,Area 1
589362,Area 1
184673,Area 1
90676,Area 1
475465,Area 1
246985,Area 1
469993,Area 1
604875,Area 1
246990,Area 1
52668,Area 1
954,Area 1
206869,Area 1
91055,Area 1
228420,Area 1
68271,Area 1
224670,Area 1
269308,Area 1
202193,Area 1
5636,Area 1
157607,Area 1
537775,Area 1
91161,Area 1
314339,Area 1
944,Area 1
112878,Area 1
386086,Area 1
112871,Area 1
157604,Area 1
112790,Area 1
649673,Area 1
344276,Area 1
451419,Area 1
671882,Area 1
313967,Area 1
478300,Area 1
179995,Area 1
314064,Area 1
164538,Area 1
604981,Area 1
76095,Area 1
117578,Area 1
537287,Area 1
429895,Area 1
143137,Area 1
433566,Area 1
179993,Area 1
627784,Area 1
469994,Area 1
582394,Area 1
140095,Area 1
135514,Area 1
385450,Area 1
90677,Area 1
119774,Area 1
112877,Area 1
402946,Area 1
425370,Area 1
253873,Area 1
514993,Area 1
344275,Area 1
380492,Area 1
5637,Area 1
649013,Area 1
90555,Area 1
24081,Area 1
252107,Area 1
268554,Area 1
559184,Area 1
560321,Area 1
135501,Area 1
604215,Area 1
469327,Area 1
23339,Area 1
336326,Area 1
135113,Area 1
45838,Area 1
626711,Area 1
424705,Area 1
292,Area 1
268555,Area 1
470593,Area 1
185131,Area 1
297021,Area 1
112285,Area 1
161405,Area 1
275631,Area 1
694404,Area 1
165045,Area 1
636569,Area 1
112208,Area 1
433565,Area 1
582199,Area 1
627170,Area 1
693873,Area 1
626638,Area 1
192228,Area 1
23358,Area 1
186703,Area 1
631941,Area 1
604216,Area 1
73400,Area 1
639709,Area 1
158121,Area 1
224513,Area 1
681939,Area 1
425856,Area 1
269117,Area 1
627171,Area 1
492731,Area 1
679229,Area 1
31970,Area 1
402827,Area 1
583133,Area 1
537766,Area 1
112780,Area 1
405634,Area 1
314056,Area 1
402292,Area 1
247797,Area 1
52665,Area 1
157507,Area 1
23453,Area 1
179904,Area 1
166903,Area 1
314337,Area 1
657492,Area 1
224602,Area 1
603968,Area 1
146522,Area 1
429894,Area 1
537277,Area 1
634411,Area 1
112788,Area 1
363501,Area 1
91488,Area 1
515513,Area 1
469341,Area 1
456894,Area 1
201538,Area 1
252110,Area 1
50471,Area 1
649016,Area 1
694253,Area 1
179356,Area 1
614187,Area 1
90008,Area 1
475281,Area 1
335777,Area 1
247249,Area 1
233881,Area 1
654354,Area 1
201550,Area 1
357842,Area 1
98093,Area 1
514341,Area 1
163059,Area 1
496126,Area 1
475399,Area 1
158069,Area 1
6434,Area 1
536627,Area 1
140672,Area 1
446924,Area 1
118054,Area 1
604228,Area 1
491682,Area 1
626645,Area 1
135502,Area 1
357827,Area 1
90822,Area 1
537557,Area 1
9323,Area 1
134601,Area 1
6436,Area 1
317768,Area 1
134594,Area 1
615945,Area 1
671239,Area 1
45294,Area 1
536624,Area 1
693339,Area 1
335775,Area 1
223954,Area 1
403431,Area 1
470377,Area 1
515125,Area 1
633299,Area 1
75169,Area 1
254036,Area 1
91495,Area 1
28644,Area 1
51113,Area 1
51992,Area 1
521586,Area 1
135831,Area 1
650592,Area 1
270163,Area 1
616072,Area 1
538231,Area 1
586995,Area 1
634225,Area 1
67739,Area 1
614346,Area 1
672269,Area 1
497002,Area 1
366325,Area 1
180127,Area 1
380755,Area 1
187964,Area 1
672382,Area 1
593552,Area 1
3650,Area 1
314347,Area 1
403237,Area 1
142172,Area 1
544255,Area 1
100158,Area 1
135367,Area 1
447039,Area 1
68897,Area 1
107527,Area 1
694117,Area 1
359067,Area 1
568353,Area 1
138390,Area 1
314544,Area 1
536759,Area 1
68338,Area 1
210673,Area 1
9314,Area 1
1104,Area 1
522052,Area 1
51287,Area 1
627727,Area 1
46217,Area 1
112345,Area 1
604367,Area 1
649147,Area 1
459068,Area 1
23746,Area 1
589733,Area 1
201677,Area 1
1197,Area 1
201676,Area 1
514479,Area 1
335890,Area 1
402437,Area 1
520438,Area 1
74335,Area 1
268689,Area 1
627555,Area 1
424833,Area 1
201678,Area 1
559310,Area 1
581806,Area 1
430400,Area 1
447042,Area 1
298156,Area 1
291067,Area 1
634032,Area 1
314066,Area 1
157876,Area 1
24256,Area 1
650263,Area 1
313457,Area 1
224880,Area 1
254813,Area 1
470767,Area 1
247242,Area 1
581404,Area 1
514482,Area 1
24107,Area 1
469476,Area 1
341134,Area 1
492632,Area 1
280256,Area 1
581807,Area 1
78978,Area 1
320005,Area 1
671762,Area 1
568476,Area 1
563077,Area 1
358963,Area 1
631798,Area 1
32091,Area 1
272667,Area 1
69456,Area 1
370065,Area 1
697419,Area 1
611981,Area 1
135115,Area 1
95981,Area 1
360141,Area 1
471654,Area 1
114073,Area 1
124344,Area 1
385258,Area 1
402605,Area 1
136929,Area 1
157369,Area 1
559522,Area 1
382470,Area 1
2782,Area 1
319289,Area 1
293210,Area 1
270408,Area 1
25122,Area 1
538727,Area 1
124088,Area 1
448769,Area 1
583529,Area 1
561281,Area 1
337623,Area 1
561688,Area 1
427000,Area 1
278175,Area 1
191479,Area 1
181872,Area 1
678233,Area 1
566245,Area 1
431721,Area 1
611260,Area 1
97013,Area 1
7328,Area 1
186346,Area 1
119250,Area 1
163984,Area 1
588871,Area 1
611479,Area 1
275578,Area 1
678232,Area 1
386967,Area 1
163797,Area 1
412387,Area 1
705543,Area 1
144705,Area 1
77368,Area 1
124345,Area 1
700997,Area 1
343946,Area 1
185265,Area 1
542130,Area 1
409347,Area 1
299739,Area 1
10097,Area 1
501404,Area 1
459071,Area 1
526592,Area 1
253515,Area 1
298142,Area 1
526593,Area 1
231169,Area 1
654328,Area 1
676553,Area 1
298148,Area 1
654282,Area 1
322284,Area 1
98815,Area 1
167105,Area 1
321848,Area 1
659453,Area 1
367955,Area 1
412041,Area 1
590919,Area 1
322801,Area 1
413800,Area 1
500502,Area 1
255312,Area 1
549051,Area 1
102994,Area 1
258422,Area 1
570530,Area 1
35097,Area 1
281267,Area 1
301446,Area 1
301447,Area 1
617343,Area 1
147793,Area 1
273055,Area 1
60033,Area 1
649021,Area 1
684787,Area 1
460440,Area 1
61496,Area 1
529453,Area 1
127915,Area 1
149794,Area 1
22807,Area 1
371543,Area 1
64061,Area 1
618020,Area 1
396263,Area 1
194118,Area 1
37521,Area 1
505377,Area 1
595969,Area 1
527852,Area 1
461144,Area 1
663983,Area 1
460732,Area 1
148363,Area 1
689784,Area 1
474654,Area 1
206696,Area 1
130954,Area 1
581656,Area 1
507864,Area 1
532805,Area 1
687765,Area 1
439040,Area 1
214106,Area 1
85129,Area 1
13068,Area 1
526403,Area 1
127614,Area 1
207184,Area 1
109007,Area 1
336916,Area 1
705252,Area 1
591469,Area 1
329980,Area 1
598314,Area 1
508289,Area 1
175759,Area 1
193605,Area 1
554564,Area 1
708526,Area 1
533088,Area 1
488031,Area 1
196510,Area 1
506999,Area 1
419163,Area 1
174950,Area 1
58263,Area 1
639839,Area 1
239329,Area 1
303490,Area 1
393067,Area 1
180430,Area 1
448015,Area 1
393368,Area 1
246332,Area 1
671226,Area 1
859088,Area 1
310960,Area 1
425843,Area 1
23940,Area 1
379957,Area 1
533871,Area 1
581675,Area 1
336872,Area 1
67619,Area 1
28951,Area 1
667415,Area 1
424709,Area 1
378006,Area 1
134593,Area 1
45291,Area 1
624669,Area 1
491693,Area 1
379379,Area 1
445024,Area 1
21252,Area 1
357832,Area 1
693337,Area 1
225193,Area 1
22806,Area 1
581674,Area 1
244325,Area 1
243569,Area 1
491681,Area 1
44938,Area 1
45289,Area 1
403432,Area 1
466684,Area 1
409885,Area 1
716928,Area 1
716900,Area 1
379955,Area 1
313318,Area 1
201540,Area 1
24082,Area 1
223956,Area 1
379952,Area 1
757363,Area 1
757579,Area 1
757580,Area 1
757810,Area 1
757857,Area 1
763384,Area 1
763215,Area 1
763866,Area 1
759139,Area 1
758075,Area 1
756086,Area 1
756208,Area 1
756895,Area 1
758483,Area 1
756911,Area 1
717886,Area 1
717887,Area 1
604231,Area 1
408258,Area 1
10655,Area 1
379950,Area 1
605492,Area 1
446927,Area 1
434665,Area 1
313307,Area 1
363769,Area 1
357826,Area 1
91103,Area 1
335783,Area 1
536623,Area 1
386055,Area 1
336871,Area 1
424710,Area 1
992709,Area 1
1054636,Area 1
1061208,Area 1
1072853,Area 1
1083351,Area 1
179345,Area 1
1074173,Area 1
470594,Area 1
313314,Area 1
341602,Area 1
456895,Area 1
1083978,Area 1
1083849,Area 1
1086373,Area 1
915612,Area 1
274220,Area 1
793680,Area 1
793207,Area 1
99958,Area 1
992500,Area 1
430845,Area 1
536632,Area 1
796105,Area 1
402302,Area 1
604223,Area 1
28763,Area 1
156941,Area 1
649015,Area 1
945891,Area 1
1086123,Area 1
917328,Area 1
916231,Area 1
335782,Area 1
211472,Area 1
939625,Area 1
919753,Area 1
920025,Area 1
855999,Area 1
899405,Area 1
469329,Area 1
896988,Area 1
520273,Area 1
134602,Area 1
898414,Area 1
891380,Area 1
112221,Area 1
910323,Area 1
903796,Area 1
910719,Area 1
856300,Area 1
1297197,Area 1
1295998,Area 1
1178079,Area 1
1178080,Area 1
1205684,Area 1
1107613,Area 1
1119606,Area 1
1124628,Area 1
1293449,Area 1
1288290,Area 1
1204434,Area 1
1288917,Area 1
1292417,Area 1
363148,Area 1
703249,Area 1
1179160,Area 1
297022,Area 1
566813,Area 1
582750,Area 1
274216,Area 1
233880,Area 1
520011,Area 1
118053,Area 1
491695,Area 1
144545,Area 1
654806,Area 1
73403,Area 1
403574,Area 1
290917,Area 1
1527696,Area 1
1527698,Area 1
1524167,Area 1
1547747,Area 1
1547750,Area 1
1547915,Area 1
1313568,Area 1
1513909,Area 1
1514925,Area 1
1502426,Area 1
1501175,Area 1
1329299,Area 1
1329301,Area 1
1325125,Area 1
1328883,Area 1
1306253,Area 1
1327725,Area 1
1303947,Area 1
1303948,Area 1
1307886,Area 1
1307882,Area 1
223944,Area 1
537030,Area 1
179358,Area 1
228423,Area 1
610330,Area 1
671232,Area 1
336873,Area 1
581664,Area 1
180581,Area 1
627565,Area 1
590907,Area 1
122144,Area 1
314233,Area 1
45303,Area 1
545663,Area 1
656383,Area 1
515049,Area 1
313317,Area 1
492226,Area 1
470462,Area 1
605491,Area 1
402300,Area 1
278524,Area 1
582787,Area 1
671238,Area 1
679111,Area 1
363338,Area 1
563659,Area 1
582749,Area 1
179364,Area 1
359179,Area 1
7709,Area 1
112243,Area 1
693347,Area 1
156967,Area 1
120701,Area 1
569519,Area 1
671261,Area 1
381081,Area 1
694671,Area 1
469347,Area 1
67644,Area 1
386059,Area 1
357859,Area 1
292268,Area 1
627568,Area 1
447850,Area 1
365211,Area 1
102113,Area 1
671257,Area 1
693344,Area 1
671250,Area 1
207679,Area 1
416,Area 1
164333,Area 1
323264,Area 1
446938,Area 1
256262,Area 1
424728,Area 1
345728,Area 1
636571,Area 1
357845,Area 1
327,Area 1
446952,Area 1
166896,Area 1
636945,Area 1
6474,Area 1
297026,Area 1
693352,Area 1
357952,Area 1
308,Area 1
656600,Area 1
610339,Area 1
402415,Area 1
627995,Area 1
693365,Area 1
448060,Area 1
246366,Area 1
430875,Area 1
565308,Area 1
94478,Area 1
6442,Area 1
300858,Area 1
657359,Area 1
23941,Area 1
587609,Area 1
313429,Area 1
357951,Area 1
223972,Area 1
201564,Area 1
230040,Area 1
22825,Area 1
157888,Area 1
156956,Area 1
246360,Area 1
559210,Area 1
627569,Area 1
164332,Area 1
636572,Area 1
323263,Area 1
446943,Area 1
330,Area 1
626675,Area 1
314430,Area 1
113306,Area 1
45412,Area 1
51120,Area 1
581777,Area 1
313327,Area 1
158071,Area 1
225306,Area 1
246367,Area 1
77940,Area 1
565306,Area 1
335785,Area 1
335801,Area 1
95951,Area 1
412303,Area 1
230045,Area 1
252111,Area 1
250804,Area 1
491803,Area 1
180697,Area 1
317,Area 1
672312,Area 1
278526,Area 1
247413,Area 1
559199,Area 1
313849,Area 1
380652,Area 1
693366,Area 1
94479,Area 1
470691,Area 1
497761,Area 1
313334,Area 1
491698,Area 1
314235,Area 1
403668,Area 1
412268,Area 1
514367,Area 1
475401,Area 1
292271,Area 1
246465,Area 1
313339,Area 1
185137,Area 1
605490,Area 1
6439,Area 1
319228,Area 1
626672,Area 1
268575,Area 1
185290,Area 1
363771,Area 1
139060,Area 1
522417,Area 1
446946,Area 1
256261,Area 1
384409,Area 1
323625,Area 1
676704,Area 1
515700,Area 1
425845,Area 1
492768,Area 1
469349,Area 1
386058,Area 1
608704,Area 1
604235,Area 1
22833,Area 1
536657,Area 1
604343,Area 1
654814,Area 1
67639,Area 1
156976,Area 1
156960,Area 1
45322,Area 1
357860,Area 1
425651,Area 1
541120,Area 1
537560,Area 1
632763,Area 1
587605,Area 1
429189,Area 1
46431,Area 1
202880,Area 1
581679,Area 1
650146,Area 1
631090,Area 1
179469,Area 1
492103,Area 1
419,Area 1
290948,Area 1
693356,Area 1
693357,Area 1
604243,Area 1
231545,Area 1
514461,Area 1
381044,Area 1
656599,Area 1
46242,Area 1
424725,Area 1
163627,Area 1
278734,Area 1
144546,Area 1
446953,Area 1
99959,Area 1
693354,Area 1
68334,Area 1
469246,Area 1
379869,Area 1
68164,Area 1
45846,Area 1
210882,Area 1
582205,Area 1
409852,Area 1
537169,Area 1
270623,Area 1
537173,Area 1
582588,Area 1
632297,Area 1
269125,Area 1
298645,Area 1
649554,Area 1
402916,Area 1
615815,Area 1
166929,Area 1
210897,Area 1
699403,Area 1
658956,Area 1
314237,Area 1
102720,Area 1
402310,Area 1
514360,Area 1
536647,Area 1
223977,Area 1
189272,Area 1
613236,Area 1
201555,Area 1
269706,Area 1
98503,Area 1
518810,Area 1
50961,Area 1
380501,Area 1
157489,Area 1
74844,Area 1
158080,Area 1
385259,Area 1
318470,Area 1
699995,Area 1
73412,Area 1
201658,Area 1
335795,Area 1
113583,Area 1
319229,Area 1
314565,Area 1
497975,Area 1
514373,Area 1
67648,Area 1
246365,Area 1
134708,Area 1
292184,Area 1
477065,Area 1
1376,Area 1
90028,Area 1
475405,Area 1
604240,Area 1
403664,Area 1
408406,Area 1
112232,Area 1
164334,Area 1
313443,Area 1
627993,Area 1
207623,Area 1
122145,Area 1
299754,Area 1
470269,Area 1
46659,Area 1
68980,Area 1
90034,Area 1
389882,Area 1
230043,Area 1
50630,Area 1
514377,Area 1
475402,Area 1
202878,Area 1
268574,Area 1
649029,Area 1
45317,Area 1
559230,Area 1
402338,Area 1
589686,Area 1
12546,Area 1
210671,Area 1
515908,Area 1
660899,Area 1
291057,Area 1
268683,Area 1
268681,Area 1
379980,Area 1
536670,Area 1
13046,Area 1
426081,Area 1
83686,Area 1
649076,Area 1
411573,Area 1
605353,Area 1
112267,Area 1
230053,Area 1
91100,Area 1
426080,Area 1
649686,Area 1
447590,Area 1
313975,Area 1
95689,Area 1
679230,Area 1
8044,Area 1
380630,Area 1
470005,Area 1
542328,Area 1
68286,Area 1
46448,Area 1
389229,Area 1
537293,Area 1
425386,Area 1
604882,Area 1
75014,Area 1
269255,Area 1
112885,Area 1
230087,Area 1
1439,Area 1
447596,Area 1
425478,Area 1
522037,Area 1
537292,Area 1
90693,Area 1
1011,Area 1
291590,Area 1
269252,Area 1
45968,Area 1
496831,Area 1
247260,Area 1
135244,Area 1
515050,Area 1
693987,Area 1
247018,Area 1
158090,Area 1
343352,Area 1
275095,Area 1
5968,Area 1
380619,Area 1
693979,Area 1
202209,Area 1
671890,Area 1
635784,Area 1
210535,Area 1
403065,Area 1
5643,Area 1
246997,Area 1
610900,Area 1
299892,Area 1
291589,Area 1
119925,Area 1
542319,Area 1
254816,Area 1
366323,Area 1
157612,Area 1
702612,Area 1
627787,Area 1
90742,Area 1
649678,Area 1
313981,Area 1
98641,Area 1
68762,Area 1
627295,Area 1
380628,Area 1
31947,Area 1
657080,Area 1
246994,Area 1
68290,Area 1
1440,Area 1
564523,Area 1
705262,Area 1
246091,Area 1
627437,Area 1
380764,Area 1
627686,Area 1
392241,Area 1
381192,Area 1
254027,Area 1
627434,Area 1
202342,Area 1
451420,Area 1
491433,Area 1
229462,Area 1
433567,Area 1
492105,Area 1
410390,Area 1
380767,Area 1
68409,Area 1
98642,Area 1
298526,Area 1
81450,Area 1
672026,Area 1
46104,Area 1
586975,Area 1
407652,Area 1
209615,Area 1
379698,Area 1
314348,Area 1
22568,Area 1
586836,Area 1
657493,Area 1
605253,Area 1
187037,Area 1
317766,Area 1
202344,Area 1
693106,Area 1
180134,Area 1
358639,Area 1
447725,Area 1
515141,Area 1
627880,Area 1
451421,Area 1
497003,Area 1
454305,Area 1
492509,Area 1
403547,Area 1
303498,Area 1
403066,Area 1
68399,Area 1
649732,Area 1
269259,Area 1
296094,Area 1
425392,Area 1
515011,Area 1
119781,Area 1
336506,Area 1
223690,Area 1
589369,Area 1
366324,Area 1
582341,Area 1
157372,Area 1
336725,Area 1
246473,Area 1
671900,Area 1
515017,Area 1
446666,Area 1
492478,Area 1
296709,Area 1
23595,Area 1
187390,Area 1
425491,Area 1
605370,Area 1
381016,Area 1
46343,Area 1
627412,Area 1
380735,Area 1
224987,Area 1
381102,Area 1
582356,Area 1
113368,Area 1
537399,Area 1
455247,Area 1
224748,Area 1
700898,Area 1
90809,Area 1
112902,Area 1
425760,Area 1
627320,Area 1
23592,Area 1
318609,Area 1
582354,Area 1
135266,Area 1
568218,Area 1
91063,Area 1
76097,Area 1
207211,Area 1
515112,Area 1
492471,Area 1
314345,Area 1
135352,Area 1
492474,Area 1
299005,Area 1
344277,Area 1
447615,Area 1
318645,Area 1
318802,Area 1
559960,Area 1
379695,Area 1
568217,Area 1
492386,Area 1
410030,Area 1
210670,Area 1
46453,Area 1
336475,Area 1
406772,Area 1
380738,Area 1
135353,Area 1
119784,Area 1
694008,Area 1
380644,Area 1
45997,Area 1
365391,Area 1
5980,Area 1
187029,Area 1
515107,Area 1
269270,Area 1
694006,Area 1
29461,Area 1
146902,Area 1
336557,Area 1
627875,Area 1
389231,Area 1
447705,Area 1
389230,Area 1
982,Area 1
184674,Area 1
430052,Area 1
559954,Area 1
537405,Area 1
358599,Area 1
403456,Area 1
515048,Area 1
358617,Area 1
224736,Area 1
475466,Area 1
515386,Area 1
402974,Area 1
702770,Area 1
635811,Area 1
414881,Area 1
425869,Area 1
981,Area 1
278400,Area 1
370069,Area 1
694466,Area 1
254817,Area 1
269269,Area 1
537351,Area 1
626388,Area 1
515019,Area 1
211339,Area 1
90807,Area 1
358526,Area 1
380739,Area 1
23546,Area 1
635990,Area 1
120709,Area 1
157636,Area 1
448081,Area 1
559908,Area 1
430047,Area 1
627411,Area 1
31971,Area 1
403235,Area 1
291947,Area 1
319979,Area 1
492481,Area 1
559957,Area 1
313072,Area 1
269722,Area 1
410020,Area 1
1066,Area 1
313073,Area 1
75020,Area 1
313995,Area 1
224745,Area 1
402983,Area 1
627351,Area 1
336386,Area 1
491723,Area 1
314661,Area 1
626771,Area 1
446060,Area 1
199681,Area 1
601380,Area 1
888,Area 1
268687,Area 1
469997,Area 1
255585,Area 1
157544,Area 1
1058972,Area 1
1328573,Area 1
1514367,Area 1
236573,Area 1
581694,Area 1
314106,Area 1
560431,Area 1
417506,Area 1
23355,Area 1
74848,Area 1
671779,Area 1
627325,Area 1
515585,Area 1
166250,Area 1
292042,Area 1
1308871,Area 1
402329,Area 1
676518,Area 1
157481,Area 1
542786,Area 1
122136,Area 1
104019,Area 1
649781,Area 1
939626,Area 1
494164,Area 1
474961,Area 1
76109,Area 1
607802,Area 1
260271,Area 1
1310882,Area 2
1311921,Area 2
1312158,Area 2
1309604,Area 2
1309941,Area 2
1310891,Area 2
1312603,Area 2
1310282,Area 2
1310597,Area 2
1310896,Area 2
1312170,Area 2
1312171,Area 2
1312172,Area 2
1310603,Area 2
1311708,Area 2
1312176,Area 2
1312177,Area 2
1313029,Area 2
1313226,Area 2
1310300,Area 2
1312417,Area 2
1312633,Area 2
1313240,Area 2
1313426,Area 2
1310622,Area 2
1311209,Area 2
1311211,Area 2
1311476,Area 2
1313249,Area 2
1311972,Area 2
1312203,Area 2
1312855,Area 2
1309992,Area 2
1311489,Area 2
1311492,Area 2
1311978,Area 2
1311979,Area 2
1523843,Area 2
1309660,Area 2
1311986,Area 2
1312874,Area 2
1313463,Area 2
1313467,Area 2
1309319,Area 2
1309322,Area 2
1309323,Area 2
1309669,Area 2
1310012,Area 2
1310017,Area 2
1310021,Area 2
1310023,Area 2
1310968,Area 2
1311250,Area 2
1311255,Area 2
1311769,Area 2
1312237,Area 2
1312683,Area 2
1313091,Area 2
1313290,Area 2
1309686,Area 2
1311522,Area 2
1312016,Area 2
1312470,Area 2
1312687,Area 2
1312688,Area 2
1313102,Area 2
1313103,Area 2
1309341,Area 2
1309342,Area 2
1311265,Area 2
1311530,Area 2
1311534,Area 2
1311787,Area 2
1312024,Area 2
1312252,Area 2
1312253,Area 2
1312903,Area 2
1313304,Area 2
1313305,Area 2
1309350,Area 2
1310683,Area 2
1310688,Area 2
1310984,Area 2
1311273,Area 2
1312260,Area 2
1312909,Area 2
1310378,Area 2
1310691,Area 2
1312035,Area 2
1310382,Area 2
1310698,Area 2
1310703,Area 2
1311554,Area 2
1313129,Area 2
1309367,Area 2
1310060,Area 2
1310390,Area 2
1310395,Area 2
1310704,Area 2
1311296,Area 2
1311557,Area 2
1311809,Area 2
1311811,Area 2
1312282,Area 2
1309377,Area 2
1310399,Area 2
1310401,Area 2
1311298,Area 2
1311300,Area 2
1311566,Area 2
1311819,Area 2
1312057,Area 2
1312058,Area 2
1312287,Area 2
1312290,Area 2
1312512,Area 2
1312728,Area 2
1312730,Area 2
1309731,Area 2
1311021,Area 2
1323329,Area 2
1309739,Area 2
1309740,Area 2
1309742,Area 2
1309743,Area 2
1309744,Area 2
1310081,Area 2
1310082,Area 2
1310083,Area 2
1310087,Area 2
1310411,Area 2
1310412,Area 2
1310414,Area 2
1310415,Area 2
1310725,Area 2
1310727,Area 2
1310728,Area 2
1310729,Area 2
1311026,Area 2
1311028,Area 2
1311029,Area 2
1311031,Area 2
1311032,Area 2
1311313,Area 2
1311583,Area 2
1309395,Area 2
1309396,Area 2
1309400,Area 2
1309401,Area 2
1309747,Area 2
1309748,Area 2
1309749,Area 2
1310088,Area 2
1310091,Area 2
1310093,Area 2
1310094,Area 2
1310418,Area 2
1310419,Area 2
1310420,Area 2
1310421,Area 2
1310423,Area 2
1310732,Area 2
1310733,Area 2
1310736,Area 2
1310737,Area 2
1310738,Area 2
1311035,Area 2
1311036,Area 2
1311038,Area 2
1311323,Area 2
1311587,Area 2
1311589,Area 2
1311590,Area 2
1311591,Area 2
1311841,Area 2
1311842,Area 2
1312075,Area 2
1312079,Area 2
1312080,Area 2
1312307,Area 2
1312309,Area 2
1312310,Area 2
1312311,Area 2
1312312,Area 2
1312534,Area 2
1312536,Area 2
1312748,Area 2
1313163,Area 2
1313164,Area 2
1313165,Area 2
1313358,Area 2
1313361,Area 2
1323279,Area 2
1309754,Area 2
1309755,Area 2
1309756,Area 2
1309757,Area 2
1310095,Area 2
1310096,Area 2
1310099,Area 2
1310100,Area 2
1310424,Area 2
1310425,Area 2
1310426,Area 2
1310427,Area 2
1310428,Area 2
1310429,Area 2
1310430,Area 2
1310740,Area 2
1310741,Area 2
1311328,Area 2
1311330,Area 2
1311331,Area 2
1502271,Area 2
1311332,Area 2
1311592,Area 2
1311596,Area 2
1311844,Area 2
1311848,Area 2
1311850,Area 2
1312082,Area 2
1312086,Area 2
1312087,Area 2
1312088,Area 2
1312313,Area 2
1312316,Area 2
1312319,Area 2
1312540,Area 2
1312541,Area 2
1312542,Area 2
1312543,Area 2
1312756,Area 2
1312757,Area 2
1312758,Area 2
1312965,Area 2
1312967,Area 2
1312968,Area 2
1312970,Area 2
1313167,Area 2
1313169,Area 2
1313172,Area 2
1313364,Area 2
1313367,Area 2
1313368,Area 2
1313369,Area 2
1309410,Area 2
1309415,Area 2
1309762,Area 2
1309763,Area 2
1310102,Area 2
1310104,Area 2
1310106,Area 2
1310432,Area 2
1310434,Area 2
1310750,Area 2
1310751,Area 2
1311047,Area 2
1311048,Area 2
1311049,Area 2
1311051,Area 2
1311052,Area 2
1311333,Area 2
1323280,Area 2
1311336,Area 2
1311600,Area 2
1311603,Area 2
1311604,Area 2
1323281,Area 2
1311854,Area 2
1311856,Area 2
1312089,Area 2
1312090,Area 2
1323283,Area 2
1312092,Area 2
1312093,Area 2
1312094,Area 2
1312095,Area 2
1312320,Area 2
1312322,Area 2
1312326,Area 2
1312545,Area 2
1312547,Area 2
1323315,Area 2
1312550,Area 2
1323284,Area 2
1312763,Area 2
1312767,Area 2
1312971,Area 2
1312972,Area 2
1323285,Area 2
1323286,Area 2
1313175,Area 2
1313176,Area 2
1313177,Area 2
1313178,Area 2
1313179,Area 2
1313180,Area 2
1313370,Area 2
1313371,Area 2
1313373,Area 2
1313375,Area 2
1309416,Area 2
1309420,Area 2
1309421,Area 2
1309422,Area 2
1309768,Area 2
1309769,Area 2
1323288,Area 2
1310109,Area 2
1310110,Area 2
1310112,Area 2
1310113,Area 2
1310439,Area 2
1310441,Area 2
1310442,Area 2
1310443,Area 2
1310753,Area 2
1310754,Area 2
1310756,Area 2
1310758,Area 2
1310759,Area 2
1311055,Area 2
1311057,Area 2
1311058,Area 2
1311059,Area 2
1311341,Area 2
1311342,Area 2
1311343,Area 2
1311345,Area 2
1311606,Area 2
1311607,Area 2
1311609,Area 2
1311610,Area 2
1311612,Area 2
1311858,Area 2
1311859,Area 2
1311860,Area 2
1311861,Area 2
1311863,Area 2
1311864,Area 2
1312099,Area 2
1312101,Area 2
1312102,Area 2
1312327,Area 2
1312328,Area 2
1312329,Area 2
1312551,Area 2
1312552,Area 2
1312554,Area 2
1312555,Area 2
1312556,Area 2
1312557,Area 2
1312769,Area 2
1312770,Area 2
1312771,Area 2
1312772,Area 2
1312978,Area 2
1312979,Area 2
1312980,Area 2
1313181,Area 2
1313186,Area 2
1313382,Area 2
1313383,Area 2
1309423,Area 2
1309424,Area 2
1309426,Area 2
1309429,Area 2
1309430,Area 2
1309431,Area 2
1309432,Area 2
1309433,Area 2
1309434,Area 2
1309435,Area 2
1309436,Area 2
1309773,Area 2
1309774,Area 2
1309775,Area 2
1309776,Area 2
1309778,Area 2
1309441,Area 2
1309782,Area 2
1309783,Area 2
1310116,Area 2
1310117,Area 2
1310118,Area 2
1310119,Area 2
1310120,Area 2
1310121,Area 2
1310122,Area 2
1323290,Area 2
1309446,Area 2
1309447,Area 2
1309448,Area 2
1309449,Area 2
1309787,Area 2
1309790,Area 2
1309793,Area 2
1310124,Area 2
1310125,Area 2
1310128,Area 2
1310129,Area 2
1310445,Area 2
1310446,Area 2
1310447,Area 2
1310449,Area 2
1310450,Area 2
1310451,Area 2
1309452,Area 2
1309794,Area 2
1309797,Area 2
1309798,Area 2
1310130,Area 2
1310131,Area 2
1310132,Area 2
1310134,Area 2
1310453,Area 2
1310454,Area 2
1310455,Area 2
1310457,Area 2
1310458,Area 2
1310760,Area 2
1310761,Area 2
1310762,Area 2
1310763,Area 2
1310764,Area 2
1310765,Area 2
1309458,Area 2
1309461,Area 2
1309463,Area 2
1309464,Area 2
1309801,Area 2
1309803,Area 2
1309804,Area 2
1309805,Area 2
1309806,Area 2
1309807,Area 2
1310137,Area 2
1323292,Area 2
1310139,Area 2
1310140,Area 2
1310141,Area 2
1310142,Area 2
1310463,Area 2
1310465,Area 2
1310767,Area 2
1310769,Area 2
1310771,Area 2
1310772,Area 2
1310773,Area 2
1311061,Area 2
1323856,Area 2
1311062,Area 2
1311063,Area 2
1311065,Area 2
1309466,Area 2
1309467,Area 2
1309469,Area 2
1309808,Area 2
1309810,Area 2
1309812,Area 2
1309814,Area 2
1310144,Area 2
1310145,Area 2
1310148,Area 2
1310150,Area 2
1310468,Area 2
1310470,Area 2
1310471,Area 2
1310774,Area 2
1310775,Area 2
1310777,Area 2
1310778,Area 2
1310779,Area 2
1311070,Area 2
1311071,Area 2
1311072,Area 2
1311073,Area 2
1323855,Area 2
1311074,Area 2
1311348,Area 2
1311351,Area 2
1323318,Area 2
1309472,Area 2
1309474,Area 2
1309475,Area 2
1309476,Area 2
1309477,Area 2
1309478,Area 2
1309815,Area 2
1309821,Area 2
1310151,Area 2
1310152,Area 2
1310153,Area 2
1310155,Area 2
1310156,Area 2
1310157,Area 2
1310473,Area 2
1310474,Area 2
1310475,Area 2
1310478,Area 2
1310479,Area 2
1310781,Area 2
1310782,Area 2
1310783,Area 2
1310785,Area 2
1311075,Area 2
1311076,Area 2
1311078,Area 2
1311079,Area 2
1311080,Area 2
1311354,Area 2
1311355,Area 2
1311356,Area 2
1311358,Area 2
1311360,Area 2
1311613,Area 2
1311615,Area 2
1311617,Area 2
1309480,Area 2
1309482,Area 2
1309485,Area 2
1309822,Area 2
1309826,Area 2
1309828,Area 2
1310160,Area 2
1310162,Area 2
1323295,Area 2
1310483,Area 2
1310484,Area 2
1310485,Area 2
1310791,Area 2
1323296,Area 2
1310792,Area 2
1310793,Area 2
1310794,Area 2
1311082,Area 2
1311083,Area 2
1311084,Area 2
1323297,Area 2
1311086,Area 2
1311087,Area 2
1311363,Area 2
1311366,Area 2
1311620,Area 2
1311622,Area 2
1311623,Area 2
1311625,Area 2
1311865,Area 2
1311868,Area 2
1311870,Area 2
1311871,Area 2
1309490,Area 2
1309491,Area 2
1309829,Area 2
1309831,Area 2
1309832,Area 2
1309833,Area 2
1310167,Area 2
1310168,Area 2
1310488,Area 2
1310489,Area 2
1310490,Area 2
1310491,Area 2
1310493,Area 2
1310796,Area 2
1310797,Area 2
1310798,Area 2
1310800,Area 2
1311092,Area 2
1311093,Area 2
1311094,Area 2
1311369,Area 2
1311371,Area 2
1311372,Area 2
1311373,Area 2
1311627,Area 2
1311628,Area 2
1311629,Area 2
1311630,Area 2
1311633,Area 2
1311872,Area 2
1311877,Area 2
1309494,Area 2
1309836,Area 2
1309838,Area 2
1309839,Area 2
1309840,Area 2
1309842,Area 2
1310173,Area 2
1310176,Area 2
1310177,Area 2
1310494,Area 2
1310498,Area 2
1310500,Area 2
1310803,Area 2
1310804,Area 2
1310805,Area 2
1310806,Area 2
1310808,Area 2
1311096,Area 2
1311097,Area 2
1311098,Area 2
1311099,Area 2
1311100,Area 2
1311101,Area 2
1311102,Area 2
1311375,Area 2
1311378,Area 2
1323298,Area 2
1311381,Area 2
1311634,Area 2
1311637,Area 2
1311638,Area 2
1311639,Area 2
1311879,Area 2
1311881,Area 2
1311883,Area 2
1312110,Area 2
1312111,Area 2
1312113,Area 2
1312114,Area 2
1312115,Area 2
1312116,Area 2
1312334,Area 2
1312335,Area 2
1312337,Area 2
1312338,Area 2
1312339,Area 2
1312340,Area 2
1309500,Area 2
1309501,Area 2
1309502,Area 2
1309505,Area 2
1309506,Area 2
1309843,Area 2
1309844,Area 2
1309846,Area 2
1310179,Area 2
1310180,Area 2
1310182,Area 2
1310183,Area 2
1310184,Area 2
1310185,Area 2
1310501,Area 2
1310502,Area 2
1310503,Area 2
1310504,Area 2
1310505,Area 2
1310506,Area 2
1310507,Area 2
1310811,Area 2
1310812,Area 2
1310813,Area 2
1323300,Area 2
1311105,Area 2
1311106,Area 2
1323325,Area 2
1311108,Area 2
1311109,Area 2
1311382,Area 2
1311384,Area 2
1311386,Area 2
1311387,Area 2
1323302,Area 2
1311642,Area 2
1311644,Area 2
1311645,Area 2
1311647,Area 2
1311886,Area 2
1311887,Area 2
1311888,Area 2
1311891,Area 2
1312117,Area 2
1323320,Area 2
1312119,Area 2
1312121,Area 2
1312123,Area 2
1312342,Area 2
1312344,Area 2
1312347,Area 2
1312559,Area 2
1312560,Area 2
1312563,Area 2
1312564,Area 2
1309507,Area 2
1309510,Area 2
1309512,Area 2
1309850,Area 2
1309851,Area 2
1309852,Area 2
1309854,Area 2
1309855,Area 2
1309856,Area 2
1310191,Area 2
1310508,Area 2
1310510,Area 2
1310511,Area 2
1310512,Area 2
1310513,Area 2
1310514,Area 2
1310816,Area 2
1310818,Area 2
1310821,Area 2
1326303,Area 2
1326304,Area 2
1311112,Area 2
1311114,Area 2
1323851,Area 2
1311116,Area 2
1323326,Area 2
1326302,Area 2
1311389,Area 2
1311390,Area 2
1491990,Area 2
1323304,Area 2
1323573,Area 2
1311395,Area 2
1311651,Area 2
1311653,Area 2
1311893,Area 2
1311894,Area 2
1311896,Area 2
1311898,Area 2
1311899,Area 2
1312129,Area 2
1312348,Area 2
1312349,Area 2
1312352,Area 2
1312565,Area 2
1312566,Area 2
1312570,Area 2
1312776,Area 2
1312777,Area 2
1312779,Area 2
1312780,Area 2
1309515,Area 2
1309516,Area 2
1309517,Area 2
1309857,Area 2
1309858,Area 2
1309860,Area 2
1309863,Area 2
1310194,Area 2
1310196,Area 2
1310198,Area 2
1310199,Area 2
1310516,Area 2
1310518,Area 2
1310519,Area 2
1310520,Area 2
1310521,Area 2
1310823,Area 2
1310824,Area 2
1310827,Area 2
1310829,Area 2
1311117,Area 2
1311119,Area 2
1311120,Area 2
1311121,Area 2
1311398,Area 2
1311400,Area 2
1311401,Area 2
1311402,Area 2
1311656,Area 2
1311657,Area 2
1311658,Area 2
1311661,Area 2
1311902,Area 2
1311903,Area 2
1311904,Area 2
1312131,Area 2
1312136,Area 2
1312355,Area 2
1312361,Area 2
1312573,Area 2
1312576,Area 2
1312577,Area 2
1312578,Area 2
1312782,Area 2
1312784,Area 2
1312785,Area 2
1312786,Area 2
1312787,Area 2
1312985,Area 2
1312987,Area 2
1312988,Area 2
1312989,Area 2
1312990,Area 2
1309521,Area 2
1309523,Area 2
1309527,Area 2
1309865,Area 2
1309866,Area 2
1309870,Area 2
1310202,Area 2
1310205,Area 2
1310206,Area 2
1310522,Area 2
1310523,Area 2
1310832,Area 2
1310833,Area 2
1310834,Area 2
1310835,Area 2
1310836,Area 2
1311124,Area 2
1311125,Area 2
1323322,Area 2
1311127,Area 2
1311128,Area 2
1311130,Area 2
1311403,Area 2
1311405,Area 2
1311406,Area 2
1311407,Area 2
1311663,Area 2
1311665,Area 2
1311666,Area 2
1311667,Area 2
1311668,Area 2
1312141,Area 2
1312143,Area 2
1312362,Area 2
1312365,Area 2
1312367,Area 2
1312368,Area 2
1312580,Area 2
1312581,Area 2
1312582,Area 2
1312584,Area 2
1312585,Area 2
1312789,Area 2
1312790,Area 2
1312791,Area 2
1312794,Area 2
1312992,Area 2
1312994,Area 2
1312996,Area 2
1312997,Area 2
1313188,Area 2
1313189,Area 2
1313191,Area 2
1313192,Area 2
1313193,Area 2
1309531,Area 2
1309532,Area 2
1309872,Area 2
1309873,Area 2
1309875,Area 2
1309876,Area 2
1310207,Area 2
1310211,Area 2
1310212,Area 2
1310529,Area 2
1310531,Area 2
1310532,Area 2
1310535,Area 2
1310837,Area 2
1310838,Area 2
1310839,Area 2
1310840,Area 2
1310841,Area 2
1310843,Area 2
1311131,Area 2
1311132,Area 2
1311134,Area 2
1311136,Area 2
1311137,Area 2
1311410,Area 2
1311411,Area 2
1311413,Area 2
1311415,Area 2
1311416,Area 2
1311670,Area 2
1311672,Area 2
1311673,Area 2
1311674,Area 2
1311915,Area 2
1311916,Area 2
1311919,Area 2
1311920,Area 2
1312147,Area 2
1312148,Area 2
1312149,Area 2
1312150,Area 2
1312151,Area 2
1312370,Area 2
1312372,Area 2
1312373,Area 2
1312374,Area 2
1312375,Area 2
1312586,Area 2
1312588,Area 2
1312589,Area 2
1312590,Area 2
1312591,Area 2
1312797,Area 2
1312798,Area 2
1312801,Area 2
1312999,Area 2
1313002,Area 2
1313003,Area 2
1313004,Area 2
1313196,Area 2
1313197,Area 2
1313198,Area 2
1313199,Area 2
1313200,Area 2
1313385,Area 2
1313386,Area 2
1313387,Area 2
1313388,Area 2
1313389,Area 2
1313390,Area 2
1309536,Area 2
1309537,Area 2
1309538,Area 2
1309542,Area 2
1309543,Area 2
1309544,Area 2
1309545,Area 2
1309547,Area 2
1309548,Area 2
1309878,Area 2
1309879,Area 2
1309881,Area 2
1309882,Area 2
1309884,Area 2
1309551,Area 2
1309553,Area 2
1309554,Area 2
1309885,Area 2
1309886,Area 2
1309889,Area 2
1309890,Area 2
1310215,Area 2
1310218,Area 2
1310219,Area 2
1310220,Area 2
1309556,Area 2
1309559,Area 2
1309560,Area 2
1309561,Area 2
1309562,Area 2
1309892,Area 2
1309893,Area 2
1309895,Area 2
1309897,Area 2
1310225,Area 2
1310227,Area 2
1310536,Area 2
1310537,Area 2
1310538,Area 2
1310539,Area 2
1323307,Area 2
1310541,Area 2
1309565,Area 2
1309568,Area 2
1309569,Area 2
1309899,Area 2
1309900,Area 2
1309901,Area 2
1309905,Area 2
1310229,Area 2
1310231,Area 2
1310233,Area 2
1310543,Area 2
1310544,Area 2
1310546,Area 2
1310548,Area 2
1310549,Area 2
1310844,Area 2
1310846,Area 2
1310848,Area 2
1310849,Area 2
1310850,Area 2
1309570,Area 2
1309572,Area 2
1309573,Area 2
1309909,Area 2
1309910,Area 2
1309911,Area 2
1323567,Area 2
1310235,Area 2
1310236,Area 2
1310237,Area 2
1310238,Area 2
1310239,Area 2
1310240,Area 2
1310550,Area 2
1310551,Area 2
1310552,Area 2
1310554,Area 2
1310555,Area 2
1310556,Area 2
1310851,Area 2
1310852,Area 2
1310853,Area 2
1310854,Area 2
1310856,Area 2
1311139,Area 2
1311140,Area 2
1311141,Area 2
1309578,Area 2
1309579,Area 2
1309580,Area 2
1309582,Area 2
1309583,Area 2
1309915,Area 2
1309918,Area 2
1309919,Area 2
1310242,Area 2
1310243,Area 2
1310246,Area 2
1310557,Area 2
1310560,Area 2
1310561,Area 2
1310562,Area 2
1310563,Area 2
1310859,Area 2
1310861,Area 2
1310862,Area 2
1310863,Area 2
1310864,Area 2
1311146,Area 2
1311148,Area 2
1311149,Area 2
1311151,Area 2
1311419,Area 2
1311420,Area 2
1309587,Area 2
1309588,Area 2
1309589,Area 2
1309590,Area 2
1309920,Area 2
1309921,Area 2
1309925,Area 2
1310249,Area 2
1310250,Area 2
1310251,Area 2
1310254,Area 2
1310567,Area 2
1310568,Area 2
1310569,Area 2
1310570,Area 2
1310867,Area 2
1310868,Area 2
1311152,Area 2
1311153,Area 2
1311155,Area 2
1311156,Area 2
1311157,Area 2
1311158,Area 2
1311425,Area 2
1311426,Area 2
1311430,Area 2
1311676,Area 2
1311678,Area 2
1311679,Area 2
1311680,Area 2
1311682,Area 2
1309593,Area 2
1309594,Area 2
1309595,Area 2
1323857,Area 2
1323570,Area 2
1309596,Area 2
1323568,Area 2
1323327,Area 2
1309597,Area 2
1309927,Area 2
1326305,Area 2
1309931,Area 2
1309933,Area 2
1310261,Area 2
1310262,Area 2
1310571,Area 2
1310575,Area 2
1310576,Area 2
1310872,Area 2
1327269,Area 2
1524141,Area 2
1328840,Area 2
